#,time_utc,support_id,bet_amount_usd,multiplier,gross_payout_usd,bet_link
1,2026-05-15T01:38:33.278Z,1131946941,100000,,0,https://winna.com/?betId=fdcedeb7-c2ab-4300-9e31-214978632a4f
2,2026-05-15T01:41:11.350Z,1131951890,180000,,0,https://winna.com/?betId=e15860a0-a7c8-433e-af05-bbdc607d9892
3,2026-05-15T01:41:17.871Z,1131952091,50000,,0,https://winna.com/?betId=f6f1f1ac-fc9f-4b8a-9f78-62478fe5401f
4,2026-05-15T01:41:23.061Z,1131952243,20000,,0,https://winna.com/?betId=d049e003-7bd1-43dc-9b9b-de40e912e4e4
5,2026-05-15T01:43:01.031Z,1131954148,100000,,0,https://winna.com/?betId=5597c80b-100c-4022-a383-2c3c0593bb08
6,2026-05-15T01:43:05.063Z,1131954232,23333,,0,https://winna.com/?betId=6b7dd48b-ec11-40f8-bc1b-57e66fd93cca
7,2026-05-15T01:43:10.791Z,1131954367,16599.85,,0,https://winna.com/?betId=afa6e889-2f4a-47f9-bc29-352511f3d57b
8,2026-05-15T01:43:33.222Z,1131954879,133333,,0,https://winna.com/?betId=d44f502b-76c9-4d7e-96df-0a7b97484f51
9,2026-05-15T01:43:37.562Z,1131954979,26666,,0,https://winna.com/?betId=92120317-794e-4f8e-a22d-9201203fcf45
10,2026-05-15T01:43:42.743Z,1131955095,9907,,0,https://winna.com/?betId=359057c5-5de0-4995-9a83-064064e264b9
11,2026-05-15T01:44:04.771Z,1131955641,222222,,0,https://winna.com/?betId=6517c445-9982-4b60-bc30-6c762e1ce87a
12,2026-05-15T01:44:08.208Z,1131955728,50000,,0,https://winna.com/?betId=f9fbc9e7-4206-4973-80c6-105c14037d36
13,2026-05-15T01:44:15.342Z,1131955887,27778,,0,https://winna.com/?betId=ecd309c9-9aff-4273-b628-92f1c95bb461
14,2026-05-15T01:44:42.007Z,1131956457,233333,,0,https://winna.com/?betId=7e9b4e07-5438-4046-b2d6-2e2504f0ff69
15,2026-05-15T01:44:44.751Z,1131956513,66667.24,,0,https://winna.com/?betId=af3a53b0-a1ea-4198-a841-5f12146d6ba9
16,2026-05-15T01:50:41.607Z,1131966275,200000,,0,https://winna.com/?betId=a14871a2-fea4-497f-a26e-e9b14efe01a9
17,2026-05-15T01:50:44.552Z,1131966379,70000,,0,https://winna.com/?betId=7102cc31-cab7-43dd-aac9-b5e72eaefc3e
18,2026-05-15T01:50:47.066Z,1131966464,30000,,0,https://winna.com/?betId=151b60ed-6937-4000-b92c-b6ab4e42d954
19,2026-05-15T13:55:32.004Z,1133893240,100000,,0,https://winna.com/?betId=114ecd3f-2a25-42fc-bf76-0aad3082f41b
20,2026-05-15T13:55:35.355Z,1133893345,20000,,0,https://winna.com/?betId=a8b995c9-993f-47ff-88c5-81133e22eaca
21,2026-05-15T13:55:37.237Z,1133893405,10080.15,,0,https://winna.com/?betId=08778d07-5487-4b5e-8992-2c4c8eec7d00
22,2026-05-16T14:37:09.128Z,1137907260,233333,,0,https://winna.com/?betId=125d1870-02b4-4506-8a1d-593deef845e6
23,2026-05-16T14:37:14.504Z,1137907438,26108.4,,0,https://winna.com/?betId=4fa698f0-a316-45b7-8bec-f8ee263bec83
24,2026-05-16T14:37:20.479Z,1137907659,40000,,0,https://winna.com/?betId=b9240351-9d95-49dc-a76b-b31e5ee49e77
25,2026-05-16T14:37:48.560Z,1137908620,600000,,0,https://winna.com/?betId=3f3d2192-bd8f-4f9b-8a4d-db604619bf6f
26,2026-05-16T14:37:52.430Z,1137908744,70000,,0,https://winna.com/?betId=33ee3b7f-89df-495f-9d40-078f75c3b256
27,2026-05-16T14:37:54.600Z,1137908817,30000,,0,https://winna.com/?betId=bc3b5042-85b9-4766-b790-f525e5ea4ee8
28,2026-05-16T14:39:32.362Z,1137912117,500000,,0,https://winna.com/?betId=d90911bd-11e0-488b-88f9-2f6b51c3c70c
29,2026-05-16T14:39:35.701Z,1137912227,70000,,0,https://winna.com/?betId=2f32f8a2-596c-40be-9484-1fa6d51f8d21
30,2026-05-16T14:39:41.085Z,1137912400,27992.93,,0,https://winna.com/?betId=58e1aabe-99f9-46fc-8c75-98ca03614b21
31,2026-05-16T14:40:00.236Z,1137912977,800000,,0,https://winna.com/?betId=894b97a8-fd39-4968-a78a-51c5c4fcd623
32,2026-05-16T14:40:04.128Z,1137913090,150000,,0,https://winna.com/?betId=a0c42266-d7a8-4a7f-860d-8edc05afaf1f
33,2026-05-16T14:40:06.042Z,1137913152,50000,,0,https://winna.com/?betId=7e3aa651-9deb-48d1-bb2d-fcbf295da23a
34,2026-05-16T14:41:42.883Z,1137916722,700000,,0,https://winna.com/?betId=a33a7d6a-aa7a-4ae2-9aac-14332c118e45
35,2026-05-16T14:41:47.516Z,1137916902,100000,,0,https://winna.com/?betId=9f9e66e1-797b-43e4-b36c-b7a0325d69e9
36,2026-05-16T14:41:53.444Z,1137917064,36000,,0,https://winna.com/?betId=c0b48063-3df2-4ee8-ba5d-39c24792a738
37,2026-05-16T14:42:13.031Z,1137917601,700000,,0,https://winna.com/?betId=30b9c29d-22b7-4c83-9774-a6124f4b9f5c
38,2026-05-16T14:42:15.898Z,1137917685,70000,,0,https://winna.com/?betId=0f231df0-2781-49f7-8807-ea8e32c8f28d
39,2026-05-16T14:42:18.269Z,1137917758,30526.08,,0,https://winna.com/?betId=6fa1ea0b-dd86-4794-8159-7d8b2d37d3a5
40,2026-05-16T14:43:51.364Z,1137920853,900000,,0,https://winna.com/?betId=3bb25c9a-f951-497a-8d1c-141ee29509b0
41,2026-05-16T14:43:55.393Z,1137921003,160000,,0,https://winna.com/?betId=b5932bf0-0865-4797-a794-fadec5237e92
42,2026-05-16T14:43:58.574Z,1137921116,40000,,0,https://winna.com/?betId=e3bb238c-ead0-4083-a0d0-0bb61000917f
43,2026-05-16T14:44:00.276Z,1137921176,24494.29,,0,https://winna.com/?betId=2d25a93c-58a2-4433-a485-48715975d751
44,2026-05-16T14:45:31.028Z,1137923799,150000,,0,https://winna.com/?betId=43d4f6db-0df4-425a-8163-7fcfd8de1fbf
45,2026-05-16T14:45:35.998Z,1137923918,40000,,0,https://winna.com/?betId=6bc0ba76-9ac8-414b-bd13-207136fc274e
46,2026-05-16T14:45:37.223Z,1137923948,9910.1,,0,https://winna.com/?betId=9888a51e-c07c-4805-aec4-16d524d76125
47,2026-05-16T14:46:47.828Z,1137925965,760000,,0,https://winna.com/?betId=8290594c-4c88-4bf0-ae8d-ee0cfe168e52
48,2026-05-16T14:46:51.410Z,1137926069,100000,,0,https://winna.com/?betId=9611d85e-8959-42c8-9ffb-53f018f1bc59
49,2026-05-16T14:46:53.023Z,1137926116,39595.43,,0,https://winna.com/?betId=3cc36666-0f41-4bcd-959c-5131bd1230a1
50,2026-05-16T14:48:17.159Z,1137928712,150000,,0,https://winna.com/?betId=4741e610-2995-43fe-bc84-cc2b6488cce6
51,2026-05-16T14:48:20.059Z,1137928838,50000,,0,https://winna.com/?betId=8d01ae67-a37e-494e-8d26-1c004e357b27
52,2026-05-16T14:48:23.677Z,1137928998,24898.86,,0,https://winna.com/?betId=828ab7dd-cf1e-4e15-a0e0-8e2de58dab79
53,2026-05-16T14:50:35.710Z,1137934446,800000,,0,https://winna.com/?betId=af4d915f-4046-4740-a0fa-7102102c7dd9
54,2026-05-16T14:50:38.960Z,1137934561,100000,,0,https://winna.com/?betId=cf15a569-cffc-4adf-a874-d9affc1b5633
55,2026-05-16T14:50:41.853Z,1137934663,70000,,0,https://winna.com/?betId=b9121416-cae7-4550-b7c3-12c748903c4a
56,2026-05-16T14:50:43.925Z,1137934742,29550.47,,0,https://winna.com/?betId=757f6532-e40e-47b3-98c7-5cca8053d1a7
57,2026-05-16T14:51:43.511Z,1137936706,150000,6,900000,https://winna.com/?betId=bbf517ea-0350-4612-9a41-366f34d3ff63
58,2026-05-16T14:51:46.697Z,1137936820,70000,,0,https://winna.com/?betId=dd17e110-4715-4c95-8bdb-b3738bd47a17
59,2026-05-16T14:51:48.424Z,1137936885,29887.62,,0,https://winna.com/?betId=5bd84d4c-8463-40c6-a2f4-6667414b1ef6
60,2026-05-16T14:52:14.537Z,1137937878,800000,,0,https://winna.com/?betId=e6b05c23-970f-4d84-8e17-3890eb6a52d7
61,2026-05-16T14:52:17.020Z,1137937980,70000,,0,https://winna.com/?betId=c2ace5f2-c8f9-4daa-96e7-c6d12abb8b5a
62,2026-05-16T14:52:18.809Z,1137938042,30108.94,,0,https://winna.com/?betId=ee0cea1b-99a6-4c5f-ad19-630c6b95df6d
